{"options":{"comment":null,"compatopts_for_requires":true,"compat_wrappedjsobject":false,"compat_metadata":false,"compat_foreach":false,"compat_arrayleft":false,"compat_uW_gmonkey":false,"compat_forvarin":false,"noframes":null,"awareOfChrome":false,"run_at":null,"user_agent":"","override":{"includes":false,"merge_includes":true,"use_includes":[],"orig_includes":[],"matches":false,"merge_matches":true,"use_matches":[],"orig_matches":["http://www.freedompop.com/earnfree_friends.htm*"],"excludes":false,"merge_excludes":true,"use_excludes":[],"orig_excludes":[],"orig_noframes":null,"orig_run_at":"document-end"}},"settings":{"enabled":true,"position":4},"meta":{"name":"Freedom Friend Connect Accept All Friends","uuid":"19dd6cbe-cac6-4f87-bdc9-01364026dd74","modified":1434599267611}}